{
	"version": "2.0",
	"stickerType": "avatar",
	"parts3d": {
		"metaScenePath": "_metascene",
		"modelList": [
			{
				"name": "woman6",
				"positionType": "FACE",
				"positionOcclusion": true,
				"transformTrack": {
					"translation": true,
					"rotation": true,
					"scale": true
				},
				"showupTrigger": {
					"triggerType": 0,
					"triggerDelay": 0,
					"displayFrames": 0,
					"triggerStop": false
				},
				"fileName": "_metascene/test/woman6/woman6.FBX",
				"textureSubPath": "_metascene/Assets\\test\\woman6\\tex",
				"diffuseObject": "",
				"materialFile": "",
				"sequenceTexSubPath": "",
				"targetFPS": 25,
				"allowDiscardFrame": true,
				"texAnimNodeName": "",
				"assimpBS": 1,
				"IsDrivingBody": true,
				"faceDriveOffset": {
					"x": 0.0,
					"y": -1.5,
					"z": 0.0
				},
				"bsFilePath": "",
				"headDepth": 0.0,
				"skinDiffuseObjects": [
					"woman6/head"
				],
				"seperateEyes": {
					"leftEyeName": "",
					"rightEyeName": ""
				},
				"featureParams": {
					"featureType": "",
					"IsSameSkeletal": false,
					"IsMultiBones": false,
					"parent": {
						"metaSceneName": "",
						"boneName": ""
					},
					"featureTransform": {
						"localPosition": {
							"x": 0.0,
							"y": 0.0,
							"z": 0.0
						},
						"localRotation": {
							"x": 0.0,
							"y": 0.0,
							"z": 0.0,
							"w": 0.0
						},
						"localScale": {
							"x": 0.0,
							"y": 0.0,
							"z": 0.0
						}
					},
					"bindBones": []
				}
			}
		],
		"particleList": [],
		"animationAffectRotateOnly": false,
		"background": {
			"mode": "none",
			"imagePath": "",
			"color": [
				0.0,
				0.0,
				0.0,
				0.0
			]
		},
		"lights": {
			"enable": true,
			"envLight": [
				0.212,
				0.227,
				0.259
			],
			"light0": {
				"position": [
					0.0,
					0.0,
					0.0
				],
				"diffuse": [
					0.0,
					0.0,
					0.0
				],
				"specular": [
					0.0,
					0.0,
					0.0
				]
			},
			"light1": {
				"position": [
					0.0,
					0.0,
					0.0
				],
				"diffuse": [
					0.0,
					0.0,
					0.0
				],
				"specular": [
					0.0,
					0.0,
					0.0
				]
			},
			"light2": {
				"position": [
					0.0,
					0.0,
					0.0
				],
				"diffuse": [
					0.0,
					0.0,
					0.0
				],
				"specular": [
					0.0,
					0.0,
					0.0
				]
			}
		},
		"cameraFov": 60.0,
		"cubeMapSubPath": "",
		"skyboxMapSubPath": ""
	}
}