{"version":"2.0","stickerType":"avatar","parts3d":{"metaScenePath":"_metascene","blendMode":1,"modelList":[{"name":"dog","positionType":"FACE","positionOcclusion":true,"occlusionMesh":"","transformTrack":{"translation":true,"rotation":true,"scale":true},"showupTrigger":{"triggerType":0,"triggerDelay":0,"displayFrames":0,"triggerStop":false},"fileName":"_metascene/iPhone/dogone/dog.FBX","textureSubPath":"_metascene/Assets\\iPhone\\dogone\\tex","diffuseObject":"","materialFile":"","sequenceTexSubPath":"","targetFPS":25,"allowDiscardFrame":true,"texAnimNodeName":"","needShadowMap":0,"assimpBS":1,"bsFilePath":"","seperateEyes":{"leftEyeName":"","rightEyeName":""},"eyesRotationOrder":1,"IsDrivingBody":true,"faceDriveOffset":{"x":0.0,"y":0.0,"z":0.0},"skinDiffuseObjects":[],"featureParams":{"featureType":"","IsSameSkeletal":false,"IsMultiBones":false,"parent":{"metaSceneName":"","boneName":""},"featureTransform":{"localPosition":{"x":0.0,"y":0.0,"z":0.0},"localRotation":{"x":0.0,"y":0.0,"z":0.0,"w":0.0},"localScale":{"x":0.0,"y":0.0,"z":0.0}},"bindBones":[]}}],"particleList":[],"animationAffectRotateOnly":false,"background":{"mode":"none","imagePath":"","color":[0.0,0.0,0.0,0.0]},"lights":{"enable":true,"envLight":[0.2120,0.2270,0.2590],"light0":{"position":[0.0,0.0,0.0],"diffuse":[0.4500,0.4500,0.4500],"specular":[0.4500,0.4500,0.4500]},"light1":{"position":[0.0,0.0,0.0],"diffuse":[0.0,0.0,0.0],"specular":[0.0,0.0,0.0]},"light2":{"position":[0.0,0.0,0.0],"diffuse":[0.0,0.0,0.0],"specular":[0.0,0.0,0.0]}},"cameraFov":60.0,"cubeMapSubPath":"","skyboxMapSubPath":""}}